Rank,Team,Years,PTS,win_rate,G,GA,xG,xGA,Value totale,Value attaque,Value défense
1,Juventus,2014,87,0.684,72,24,59.08,29.13,329,76.2,61.5
1,Juventus,2015,91,0.763,75,20,62.99,23.0,440,118.5,90.938
1,Juventus,2016,91,0.763,77,27,68.74,23.6,497,166.3,110.062
1,Juventus,2017,95,0.789,86,24,59.23,28.58,653,265.4,108.75
1,Juventus,2018,90,0.737,70,30,64.53,35.03,871,331.5,161.438
1,Juventus,2019,83,0.684,76,43,73.77,41.0,661,197.0,148.0
4,Juventus,2020,78,0.605,77,38,83.53,38.33,631,227.9,129.062
2,Roma,2014,70,0.5,54,31,50.85,36.79,281,82.3,55.438
3,Roma,2015,80,0.605,83,41,64.43,39.79,332,105.9,62.438
2,Roma,2016,87,0.737,90,38,83.0,41.08,354,94.0,86.75
3,Roma,2017,77,0.605,61,28,65.63,38.46,468,110.6,112.875
6,Roma,2018,66,0.474,66,48,68.39,52.79,459,136.0,86.25
5,Roma,2019,70,0.553,77,51,78.32,49.15,392,97.5,77.938
7,Roma,2020,63,0.474,68,55,72.11,50.33,389,59.2,103.375
3,Lazio,2014,69,0.553,71,38,62.0,35.87,167,35.1,33.062
8,Lazio,2015,54,0.395,52,52,55.21,43.58,175,43.3,31.062
5,Lazio,2016,70,0.553,74,51,65.39,41.77,226,68.6,46.625
4,Lazio,2017,72,0.553,89,49,66.51,42.57,408,115.7,72.938
8,Lazio,2018,59,0.447,56,46,61.27,46.45,291,70.7,43.688
4,Lazio,2019,78,0.632,79,42,67.55,52.33,303,81.1,44.188
6,Lazio,2020,68,0.553,61,55,58.7,48.84,324,82.5,44.688
4,Fiorentina,2014,64,0.474,61,46,60.67,48.5,218,61.1,57.062
5,Fiorentina,2015,64,0.474,60,42,53.19,36.22,190,71.4,30.25
8,Fiorentina,2016,60,0.421,63,57,55.14,53.3,217,83.8,35.625
8,Fiorentina,2017,57,0.421,54,46,54.12,42.15,236,95.1,34.188
14,Fiorentina,2018,41,0.211,47,45,54.12,44.08,315,99.9,61.438
9,Fiorentina,2019,49,0.316,51,48,53.49,50.3,302,116.4,57.625
13,Fiorentina,2020,40,0.237,47,59,46.2,62.02,286,106.2,56.0
5,Napoli,2014,63,0.474,70,54,64.5,34.37,262,110.9,35.562
2,Napoli,2015,82,0.658,80,32,69.53,26.69,321,125.0,50.375
3,Napoli,2016,86,0.684,94,39,77.51,32.16,387,122.3,73.938
2,Napoli,2017,91,0.737,77,29,70.45,25.27,504,152.1,108.188
2,Napoli,2018,79,0.632,74,36,68.24,36.5,646,173.8,135.875
7,Napoli,2019,62,0.474,61,50,63.88,43.17,548,148.8,124.25
5,Napoli,2020,77,0.632,86,41,74.98,41.88,530,174.1,105.438
6,Genoa,2014,59,0.421,62,47,57.32,60.37,118,37.4,21.375
10,Genoa,2015,46,0.342,45,48,45.29,48.63,117,31.7,23.062
16,Genoa,2016,36,0.237,38,64,45.2,51.25,108,28.2,19.875
12,Genoa,2017,41,0.289,33,43,42.21,42.87,135,49.8,23.75
17,Genoa,2018,38,0.211,39,57,44.54,56.35,191,73.9,31.188
17,Genoa,2019,39,0.263,47,73,49.89,59.51,142,47.4,29.0
11,Genoa,2020,42,0.263,47,58,40.71,62.68,111,28.5,23.938
7,Sampdoria,2014,56,0.342,48,42,47.59,48.37,136,51.3,22.188
15,Sampdoria,2015,40,0.263,48,61,40.53,66.19,126,35.3,27.688
11,Sampdoria,2016,48,0.316,49,55,46.17,56.86,117,33.6,21.0
10,Sampdoria,2017,54,0.421,56,60,53.14,62.26,190,55.3,29.812
9,Sampdoria,2018,53,0.395,60,51,53.19,54.27,216,47.8,47.375
15,Sampdoria,2019,42,0.316,48,65,48.92,56.21,135,28.2,31.5
9,Sampdoria,2020,52,0.395,52,54,46.7,58.63,127,34.6,23.25
8,Inter,2014,55,0.368,59,48,57.17,44.32,267,68.4,54.25
4,Inter,2015,67,0.526,50,38,54.3,44.25,294,66.7,67.312
7,Inter,2016,62,0.5,72,49,68.76,44.78,328,88.4,50.25
5,Inter,2017,72,0.526,66,30,60.83,37.33,486,127.4,97.375
4,Inter,2018,69,0.526,57,33,66.47,38.4,617,173.0,148.25
2,Inter,2019,82,0.632,81,36,73.95,39.36,606,168.4,125.25
1,Inter,2020,91,0.737,89,35,78.35,40.59,661,179.9,171.062
9,Torino,2014,54,0.368,48,45,51.78,42.69,82,21.8,22.5
12,Torino,2015,45,0.316,52,55,49.42,41.29,89,22.0,27.125
9,Torino,2016,53,0.342,71,66,57.4,61.72,162,46.5,36.438
9,Torino,2017,54,0.342,54,46,46.59,49.11,175,61.7,36.062
7,Torino,2018,63,0.421,52,37,46.47,48.94,239,76.1,56.688
16,Torino,2019,40,0.289,46,68,43.49,63.49,163,46.8,43.625
17,Torino,2020,37,0.184,50,69,49.6,64.22,175,59.5,36.062
10,AC Milan,2014,52,0.342,56,50,47.07,53.99,239,73.1,48.688
7,AC Milan,2015,57,0.395,49,43,53.91,40.91,213,71.8,37.5
6,AC Milan,2016,63,0.474,57,45,59.67,50.21,254,70.4,50.375
6,AC Milan,2017,64,0.474,56,42,50.88,36.78,406,99.6,102.0
5,AC Milan,2018,68,0.5,55,36,52.16,41.7,578,168.7,118.438
6,AC Milan,2019,66,0.5,63,46,65.27,46.42,404,107.7,96.188
2,AC Milan,2020,79,0.632,74,41,75.05,48.84,546,99.6,130.125
11,Palermo,2014,49,0.316,53,55,54.97,44.01,92,34.8,14.5
17,Palermo,2015,39,0.263,38,65,36.55,61.84,68,15.4,11.75
19,Palermo,2016,26,0.158,33,77,28.92,60.94,41,10.8,9.125
12,Sassuolo,2014,49,0.316,49,57,42.91,55.19,91,33.1,16.062
6,Sassuolo,2015,61,0.421,49,40,47.32,42.93,97,36.7,19.438
10,Sassuolo,2016,49,0.368,60,61,50.57,61.9,145,62.0,19.5
11,Sassuolo,2017,43,0.289,29,59,47.15,50.63,126,49.5,25.812
11,Sassuolo,2018,43,0.237,53,60,49.75,61.11,242,71.5,56.438
8,Sassuolo,2019,51,0.368,69,63,53.42,65.07,168,49.6,37.0
8,Sassuolo,2020,62,0.447,64,56,61.61,54.82,240,87.4,39.875
13,Verona,2014,46,0.289,49,65,46.88,63.41,42,12.6,8.0
20,Verona,2015,28,0.132,34,63,40.17,61.71,47,10.4,11.875
19,Verona,2017,25,0.184,30,78,33.76,72.71,56,19.5,8.812
11,Verona,2019,49,0.316,47,51,52.49,53.95,112,19.3,31.312
10,Verona,2020,43,0.263,43,48,47.97,52.45,157,28.9,33.938
14,Chievo,2014,43,0.263,28,41,33.01,48.99,62,16.2,12.25
9,Chievo,2015,50,0.342,43,45,40.59,51.09,49,17.8,7.375
14,Chievo,2016,43,0.316,43,61,42.74,55.01,45,12.6,5.875
14,Chievo,2017,40,0.263,36,59,34.42,55.28,55,16.6,9.0
20,Chievo,2018,20,0.053,25,75,36.48,62.69,54,10.7,14.562
15,Empoli,2014,42,0.211,46,52,49.66,43.42,54,6.9,16.062
11,Empoli,2015,46,0.316,40,49,37.84,47.51,74,10.6,15.375
18,Empoli,2016,32,0.211,29,61,35.09,67.01,55,7.8,9.625
18,Empoli,2018,38,0.263,51,70,52.06,63.33,105,22.0,19.875
16,Udinese,2014,41,0.263,43,56,34.86,54.75,106,21.6,22.75
16,Udinese,2015,39,0.263,35,60,46.31,51.42,93,16.9,21.312
13,Udinese,2016,45,0.316,47,56,44.94,54.66,101,20.2,22.375
13,Udinese,2017,40,0.316,48,63,45.2,50.71,107,21.1,22.062
12,Udinese,2018,43,0.289,39,53,42.49,62.23,201,39.1,32.812
14,Udinese,2019,45,0.316,37,51,43.69,52.54,121,22.9,20.938
14,Udinese,2020,40,0.263,42,58,48.24,56.38,172,32.4,33.625
17,Atalanta,2014,37,0.184,38,57,40.94,59.4,83,16.7,12.688
13,Atalanta,2015,45,0.289,41,47,46.08,51.41,78,17.5,14.312
4,Atalanta,2016,72,0.553,62,41,61.39,34.35,161,32.2,38.125
7,Atalanta,2017,60,0.421,57,39,64.29,36.5,207,48.9,53.438
3,Atalanta,2018,69,0.526,77,46,74.43,41.85,367,108.5,76.438
3,Atalanta,2019,78,0.605,98,48,86.17,41.73,291,82.6,73.375
3,Atalanta,2020,78,0.605,90,47,82.01,39.94,428,95.8,112.75
18,Cagliari,2014,34,0.211,48,68,53.92,54.17,76,27.7,11.938
12,Cagliari,2016,47,0.368,55,76,42.42,68.32,62,18.5,13.812
16,Cagliari,2017,39,0.289,33,61,38.27,57.91,98,27.3,18.188
15,Cagliari,2018,41,0.263,36,54,40.94,63.74,155,38.3,25.188
13,Cagliari,2019,45,0.289,52,56,41.92,60.98,167,37.5,29.062
16,Cagliari,2020,37,0.237,43,59,45.6,65.26,187,51.2,30.375
19,Parma,2014,26,0.158,33,75,31.77,60.74,67,19.0,12.0
16,Parma,2018,41,0.263,41,61,41.1,64.98,95,31.8,19.125
10,Parma,2019,49,0.368,56,57,47.12,64.13,128,62.2,13.125
20,Parma,2020,20,0.079,39,83,42.98,66.69,128,41.9,27.688
20,Cesena,2014,24,0.105,36,73,34.62,63.08,32,7.4,5.75
14,Bologna,2015,42,0.289,33,45,35.48,51.84,75,18.9,11.438
15,Bologna,2016,41,0.289,40,58,36.51,58.3,95,18.2,15.75
15,Bologna,2017,39,0.289,40,52,36.11,48.8,103,22.0,17.0
10,Bologna,2018,44,0.289,48,56,48.1,51.06,119,37.7,20.312
12,Bologna,2019,47,0.316,52,65,57.41,54.87,129,44.8,22.5
12,Bologna,2020,41,0.263,51,65,57.53,67.59,152,48.4,33.25
18,Carpi,2015,38,0.237,37,57,43.37,51.8,52,10.5,12.938
19,Frosinone,2015,31,0.211,35,76,33.84,74.23,38,9.5,6.688
19,Frosinone,2018,25,0.132,29,69,36.1,64.59,54,19.1,7.812
17,Crotone,2016,34,0.237,34,58,34.17,61.23,36,10.6,7.625
18,Crotone,2017,35,0.237,40,66,33.24,59.43,47,14.0,7.625
19,Crotone,2020,23,0.158,45,92,39.64,77.48,52,20.1,7.938
20,Pescara,2016,15,0.053,35,83,43.12,68.41,48,14.0,7.625
17,SPAL,2017,38,0.211,39,59,34.61,60.18,63,8.4,11.125
13,SPAL,2018,42,0.289,44,56,43.28,54.01,97,27.0,14.0
20,SPAL,2019,20,0.132,27,77,39.07,71.97,73,25.5,12.438
20,Benevento,2017,21,0.158,33,84,38.21,77.31,57,20.6,11.25
18,Benevento,2020,33,0.184,40,75,38.65,70.48,50,20.0,9.0
18,Lecce,2019,35,0.237,52,85,53.47,91.97,52,17.6,6.0
19,Brescia,2019,25,0.158,35,79,43.25,78.38,83,15.9,14.062
15,Spezia,2020,39,0.237,52,72,47.9,70.59,71,17.4,13.75
